breakout,resolved_n,high_wins,framed_neutral_wins,ties,high_win_rate_excluding_ties,bonferroni_ci_lo,bonferroni_ci_hi,bonferroni_family_size,task,task_label
overall,3743,1835,1908,4657,0.49024846379909165,0.46909105965349285,0.5114308551406189,5,,Overall
task,750,340,410,1350,0.4533333333333333,0.4062673951880325,0.5010009378893288,5,essay,Essay writing
task,987,484,503,1113,0.49037487335359675,0.44900973587406656,0.5318341422984696,5,grant_proposal_abstract,Grant abstract
task,1051,541,510,1049,0.5147478591817317,0.47456883983322434,0.554791480193364,5,incident_postmortem,Incident postmortem
task,955,470,485,1145,0.49214659685863876,0.4500776778936538,0.5342949092812009,5,translation,Translation
